-- phpMyAdmin SQL Dump
-- version 5.1.1
-- https://www.phpmyadmin.net/
--
-- Host: 127.0.0.1
-- Waktu pembuatan: 10 Jan 2024 pada 16.28
-- Versi server: 10.4.22-MariaDB
-- Versi PHP: 8.1.2

SET SQL_MODE = "NO_AUTO_VALUE_ON_ZERO";
START TRANSACTION;
SET time_zone = "+00:00";


/*!40101 SET @OLD_CHARACTER_SET_CLIENT=@@CHARACTER_SET_CLIENT */;
/*!40101 SET @OLD_CHARACTER_SET_RESULTS=@@CHARACTER_SET_RESULTS */;
/*!40101 SET @OLD_COLLATION_CONNECTION=@@COLLATION_CONNECTION */;
/*!40101 SET NAMES utf8mb4 */;

--
-- Database: `toko_fashion`
--

-- --------------------------------------------------------

--
-- Struktur dari tabel `ci_sessions`
--

CREATE TABLE `ci_sessions` (
  `id` varchar(128) NOT NULL,
  `ip_address` varchar(45) NOT NULL,
  `timestamp` int(10) UNSIGNED NOT NULL DEFAULT 0,
  `data` blob NOT NULL
) ENGINE=InnoDB DEFAULT CHARSET=utf8mb4;

--
-- Dumping data untuk tabel `ci_sessions`
--

INSERT INTO `ci_sessions` (`id`, `ip_address`, `timestamp`, `data`) VALUES
('ac91hlcjk36pu99d6lfe1odfpqr8f815', '::1', 1603688646, 0x5f5f63695f6c6173745f726567656e65726174657c693a313630333638383634363b7265646972656374696f6e7c4e3b5f5f4143544956455f53455353494f4e5f444154417c733a3235363a223936653737313364393361616164366139393436326437636431363133663463306238666230323261346537326631356566366134393332636438663231393137633930633334303362396638356130623230663062646536393833633234363732636339393064656134336364373662323864616132373731623430383864796453443947666c6747716c3139784c35514238573831664a2f3866426b704b30426f5733615045384c53637163396e342f7353794150496662346f5536344d374f456e33316558557444646e7576655176796c4e645a7869545872782f39522b53463575624e72444b6e38584f4559756645456b4e4d347035704752476d35223b),
('eapgcstehb2ib1ha0eiae392tb1pjg39', '::1', 1603691650, 0x5f5f63695f6c6173745f726567656e65726174657c693a313630333639313635303b7265646972656374696f6e7c4e3b5f5f4143544956455f53455353494f4e5f444154417c733a3235363a223936653737313364393361616164366139393436326437636431363133663463306238666230323261346537326631356566366134393332636438663231393137633930633334303362396638356130623230663062646536393833633234363732636339393064656134336364373662323864616132373731623430383864796453443947666c6747716c3139784c35514238573831664a2f3866426b704b30426f5733615045384c53637163396e342f7353794150496662346f5536344d374f456e33316558557444646e7576655176796c4e645a7869545872782f39522b53463575624e72444b6e38584f4559756645456b4e4d347035704752476d35223b),
('o79rj85c5ok5kp4laecl06u2gsilgalj', '::1', 1603691951, 0x5f5f63695f6c6173745f726567656e65726174657c693a313630333639313935313b5f5f4143544956455f53455353494f4e5f444154417c733a3235363a22613566386561653366646162336235336366393362323331336666306232373434363763383134373134313530663264326339613731336461363834353465373363356365336638663633353735313135643166306636613833623633373563313836643136316263656363643938346537343438333065663436636431386571592b316531747379434872624c454e37464a6a4c3042704e45356e7a4134356c786571574b77333638796f52494a365a49495573742b5178577a706f53373468655870664f79504e49656d3037584a4a506456317636434e4c3358315769744745675659333769655572777a2b3571456348586f45316131654b656c43677a223b),
('kak0av6p29vrlhqf2l6qu730c336e7il', '::1', 1603692261, 0x5f5f63695f6c6173745f726567656e65726174657c693a313630333639323236313b5f5f4143544956455f53455353494f4e5f444154417c733a3235363a22333639393239303730383563623232663935393231393734353836383434613236373932396531366365316663386538306163393937643862613735643937376237643261396135633033343463656665303632306263613962666263633464363263353530373630343864326262336234616637623262373033353061383379576762744c662b344350796d684f4e714f38576669454c7937682b4a4b34356461615132526239327538384258556568623850355a65422b54733267354c61552b36767a61792f4153497638656c6e4e48706f4841626e2b61794137504a52354345565645315339676449394c6a4c662f6163756e6d6a6169583037466f50223b),
('nl6h861v72l3gqbv07cmlp7nvkrl1sdr', '::1', 1603692564, 0x5f5f63695f6c6173745f726567656e65726174657c693a313630333639323536343b5f5f4143544956455f53455353494f4e5f444154417c733a3235363a22333639393239303730383563623232663935393231393734353836383434613236373932396531366365316663386538306163393937643862613735643937376237643261396135633033343463656665303632306263613962666263633464363263353530373630343864326262336234616637623262373033353061383379576762744c662b344350796d684f4e714f38576669454c7937682b4a4b34356461615132526239327538384258556568623850355a65422b54733267354c61552b36767a61792f4153497638656c6e4e48706f4841626e2b61794137504a52354345565645315339676449394c6a4c662f6163756e6d6a6169583037466f50223b6f726465725f7175616e746974797c613a303a7b7d746f74616c5f70726963657c693a353030303b7265646972656374696f6e7c733a36383a226148523063446f764c327876593246736147397a644339306232747658334e68655856794c326c755a4756344c6e426f6343397a614739774c324e6f5a574e7262335630223b636172745f636f6e74656e74737c613a333a7b733a31303a22636172745f746f74616c223b643a31333030303b733a31313a22746f74616c5f6974656d73223b643a313b733a33323a226338316537323864396434633266363336663036376638396363313438363263223b613a363a7b733a323a226964223b733a313a2232223b733a333a22717479223b643a313b733a353a227072696365223b643a31333030303b733a343a226e616d65223b733a31303a224150454c204d45524148223b733a353a22726f776964223b733a33323a226338316537323864396434633266363336663036376638396363313438363263223b733a383a22737562746f74616c223b643a31333030303b7d7d),
('o5e7q06stiia8hfcp9l9esfafbcodi06', '::1', 1603692870, 0x5f5f63695f6c6173745f726567656e65726174657c693a313630333639323837303b7265646972656374696f6e7c4e3b5f5f4143544956455f53455353494f4e5f444154417c733a3235363a22333261313836646664663831656265343365653034373531653139336633336537356330306262636663343161363430383234646266653761616431613930313933363264643865623135383566306337666330313934346337346561653563616166653533356666653466323237366438623534653035376365323939303044386271783562325538753062736e2f3352374f5559622f344a595877574a30314a664b627349723654364f7954557a59465872707a492f704c4f592b7337474e58674b5633516e5a54415856755436684d39675134766b3935744d665277336e456d59474c654f5632573451735a4e446f4237366b754b4a74646847324a61223b),
('bnkmkfdbgm1fg81rrr1rk6ggpg8ovmsv', '::1', 1603693236, 0x5f5f63695f6c6173745f726567656e65726174657c693a313630333639333233363b7265646972656374696f6e7c4e3b5f5f4143544956455f53455353494f4e5f444154417c733a3235363a2239313663353538336562373537623261303965333436303331343832306634636230373138343164643232323937653661643430303431666432643334356432376464363334393363386435613966313364613533646639346362306363663463323532396664343232343663353662366538303465333062326165633533366775316e656c4b4a62544a4c4c304368544547644e6854662f525455715365655939654b334a65455654654c7757786a5a6e4378364471567a796966512f347970467a346c6253316e4f684877597058515673474b55756a445977514e456b6e3846326966435464727a5570394b624a56746565314d595049346f3167705931223b),
('v9efbigk2bu45eir97nalidhgr0fflc9', '::1', 1603693258, 0x5f5f63695f6c6173745f726567656e65726174657c693a313630333639333233363b7265646972656374696f6e7c4e3b5f5f4143544956455f53455353494f4e5f444154417c733a3235363a2239313663353538336562373537623261303965333436303331343832306634636230373138343164643232323937653661643430303431666432643334356432376464363334393363386435613966313364613533646639346362306363663463323532396664343232343663353662366538303465333062326165633533366775316e656c4b4a62544a4c4c304368544547644e6854662f525455715365655939654b334a65455654654c7757786a5a6e4378364471567a796966512f347970467a346c6253316e4f684877597058515673474b55756a445977514e456b6e3846326966435464727a5570394b624a56746565314d595049346f3167705931223b),
('i447iths9psu3i8en2fu9691mfbtki93', '::1', 1603698056, 0x5f5f63695f6c6173745f726567656e65726174657c693a313630333639383035363b7265646972656374696f6e7c4e3b5f5f4143544956455f53455353494f4e5f444154417c733a3235363a22316339316339323239363633373534306533666466376232626166643638303263383838323063363265633731626238333834653033333939393138613461346366643134343834656333323663636239393233376161356562313237303362613966306433646630396230326438646539316233623035623032623636373370677a504e35304f77706c51546871363963554d4a4b6348433252697245553631667a37516a396d346674486934532b4f6e422b6430493970775643525462666754394251775074384f5044726e574849575a685641343543514d3862344763466534466c3548344e4b427178574b7a55664839786c7369705773574e566579223b),
('vse0cu3b7shk15q1a5hvuibdgc26u6nf', '::1', 1603698099, 0x5f5f63695f6c6173745f726567656e65726174657c693a313630333639383035363b7265646972656374696f6e7c4e3b5f5f4143544956455f53455353494f4e5f444154417c733a3235363a22316339316339323239363633373534306533666466376232626166643638303263383838323063363265633731626238333834653033333939393138613461346366643134343834656333323663636239393233376161356562313237303362613966306433646630396230326438646539316233623035623032623636373370677a504e35304f77706c51546871363963554d4a4b6348433252697245553631667a37516a396d346674486934532b4f6e422b6430493970775643525462666754394251775074384f5044726e574849575a685641343543514d3862344763466534466c3548344e4b427178574b7a55664839786c7369705773574e566579223b),
('9jmafkfa38du7o9ki852dap7rultjmcl', '::1', 1603700770, 0x5f5f63695f6c6173745f726567656e65726174657c693a313630333730303736323b7265646972656374696f6e7c4e3b5f5f4143544956455f53455353494f4e5f444154417c733a3235363a22373163386333623736636263633639353865666332626563643162333932363135383165366230623332353632346363373137363566306163643631623035313664646338393266363064636232303930333435646165613337366431653765663631326632343533653765336232393932303931653232373232303363303356736755766e3578322f7a7144562f445134635a544c5546424a424c747479304c5254347573646a456d3759486c6e5659516664356c4259584842477a4d4f4d4374446a44523459316d4954354b4c514e6f4b537174654b535765594f676f30596573517a436d554c6c72345a685242726a7562654f6c4b496c545956523567223b),
('shtel2g73g7o4mp6hrstvtrsr33va7mr', '::1', 1603765658, 0x5f5f63695f6c6173745f726567656e65726174657c693a313630333736353633323b7265646972656374696f6e7c4e3b5f5f4143544956455f53455353494f4e5f444154417c733a3235363a223861663962346237346630306139366463656331366165373162336433336638636531653961613835346632373131616431373530643163613036623765303231653932386530623236333230653938393061396534393464663937376264323266396134393639613939626338346134626164633430366263636265653334417336436c4578716c48594f4c43754733764f416468463664773041586c5951744a504e2f504c4f5775774d6b4c776262767752634e4a34706b324e6c37376750572b31386475514e5a78734d61535a5148527779724d51306433547870534f476f6839414c5a595a4e72716c414534374749497173674e6b4d446968766578223b),
('4squvom5aulsvb4bspce8kns414pkfah', '::1', 1704768113, 0x5f5f63695f6c6173745f726567656e65726174657c693a313730343736383131333b),
('jlif01pjvimvadffto7dbif577jjjmd8', '::1', 1704769220, 0x5f5f63695f6c6173745f726567656e65726174657c693a313730343736393232303b),
('oujqm1h3v8bfilojv0e1rjmc2uiqc5fo', '::1', 1704772725, 0x5f5f63695f6c6173745f726567656e65726174657c693a313730343737323732353b),
('kdhacbciq9jneu38ov8017jsgi15cigj', '::1', 1704773044, 0x5f5f63695f6c6173745f726567656e65726174657c693a313730343737333034343b),
('88htr381247rpoppvqcdn1gf3uugi5rq', '::1', 1704773095, 0x5f5f63695f6c6173745f726567656e65726174657c693a313730343737333034343b7265646972656374696f6e7c4e3b5f5f4143544956455f53455353494f4e5f444154417c733a3235363a223663373635333066623833326562323233383866363864313933363436383966386136383165613561643739653033656238366465336235386562383561663638653638313833653864666634333535343564386163393236623837316333666566366532316631623365393861376639663165366664316465626431333235474e5634396246334d655463566f7976696d344c315a4249376e6b67495339346e7854584e7a57746d70356a6e76504f424e3564774347634336496e36476237412b694d492f334a77594d59794b5678676238672f336b6156626b31475534546a56526874696e596d493166644466627977452f4e7546674e71474649436e66223b),
('ok1kvt68urr2uljnlloo53e92pdqj911', '::1', 1704810185, 0x5f5f63695f6c6173745f726567656e65726174657c693a313730343831303138353b7265646972656374696f6e7c4e3b5f5f4143544956455f53455353494f4e5f444154417c733a3235363a22396133643238303461313435646565326236346636653663383236336430626262373634393664376639313833616239646435396630326263333639343663343462353961653339336630313863643534646236363565363835363163646562373638643463653038653030653664373561393165306630663366393335626173574d4a632f396e795675657459765a4f646d434170574d4b69304976456471635479494a44497a463048496977473534434c763330552f673231784c346e2b5242305a3165707a78726131434e38484b70354a746132794b6d36382f7378504a76572f3264463859534754566a384562384e695165674d596b69485373394c223b),
('f9u5364dnvca2pt8foqhc7s5t5gja7di', '::1', 1704810878, 0x5f5f63695f6c6173745f726567656e65726174657c693a313730343831303837383b7265646972656374696f6e7c4e3b5f5f4143544956455f53455353494f4e5f444154417c733a3235363a22396133643238303461313435646565326236346636653663383236336430626262373634393664376639313833616239646435396630326263333639343663343462353961653339336630313863643534646236363565363835363163646562373638643463653038653030653664373561393165306630663366393335626173574d4a632f396e795675657459765a4f646d434170574d4b69304976456471635479494a44497a463048496977473534434c763330552f673231784c346e2b5242305a3165707a78726131434e38484b70354a746132794b6d36382f7378504a76572f3264463859534754566a384562384e695165674d596b69485373394c223b),
('3hc5ad2g9q0jkeufn9umlncpbgl5kv7k', '::1', 1704813101, 0x5f5f63695f6c6173745f726567656e65726174657c693a313730343831333130313b7265646972656374696f6e7c4e3b5f5f4143544956455f53455353494f4e5f444154417c733a3235363a22396133643238303461313435646565326236346636653663383236336430626262373634393664376639313833616239646435396630326263333639343663343462353961653339336630313863643534646236363565363835363163646562373638643463653038653030653664373561393165306630663366393335626173574d4a632f396e795675657459765a4f646d434170574d4b69304976456471635479494a44497a463048496977473534434c763330552f673231784c346e2b5242305a3165707a78726131434e38484b70354a746132794b6d36382f7378504a76572f3264463859534754566a384562384e695165674d596b69485373394c223b),
('srk73ekpp9eqnih8ejogd9epk23c1s3i', '::1', 1704813478, 0x5f5f63695f6c6173745f726567656e65726174657c693a313730343831333437383b7265646972656374696f6e7c733a36343a226148523063446f764c327876593246736147397a644339306232747658325a6863326870623234766157356b5a586775634768774c324e316333527662575679223b5f5f4143544956455f53455353494f4e5f444154417c733a3235363a226336393934623339363330326564356161383034313631616233353365343836353437646361316136366439313165303833323039306632663964623265383939363466363531316164636664623738663763646333393731313238633561663664343231363833643139616433626565666666363939383262613764663035326842484c456d612b575237786547696f436e6e3739755a425362782f3830556c4a3031774a414257774241796f54346950646146794a6c4a5145446549473433697a353349455549646a5a3946424679616d54524275664563396b785672494a41322f6370416543622b627177354a4d2b41717938314a2b6d4f5a38413564223b),
('mhm1fnqbi14l670r4he6pjqa5oui7go1', '::1', 1704813797, 0x5f5f63695f6c6173745f726567656e65726174657c693a313730343831333739373b7265646972656374696f6e7c4e3b5f5f4143544956455f53455353494f4e5f444154417c733a3235363a2234373034313231626664623133633234356333303763303965386437376362663734373531626634396464313562666130323364653632383365613532663837666335323533316563396661376533626261646231366261613831376362636464343834643636646566303064633065343865643066666539663564643261614f362f454f44557a726264753832457a62637946797973754c426e746c5951634b7447667574514a6f5a75515271755a3832396e6a4c382f725045704e6b32453734636358337a4c63344a43776d35757632752b707a4f3453347675416a61362f4e6c747776636a6e6a5930384e6b447267427170616241694b444852583168223b),
('quqksiblarpf0dvr71if6vrcs4biv5al', '::1', 1704815169, 0x5f5f63695f6c6173745f726567656e65726174657c693a313730343831353136393b7265646972656374696f6e7c4e3b5f5f4143544956455f53455353494f4e5f444154417c733a3235363a2234373034313231626664623133633234356333303763303965386437376362663734373531626634396464313562666130323364653632383365613532663837666335323533316563396661376533626261646231366261613831376362636464343834643636646566303064633065343865643066666539663564643261614f362f454f44557a726264753832457a62637946797973754c426e746c5951634b7447667574514a6f5a75515271755a3832396e6a4c382f725045704e6b32453734636358337a4c63344a43776d35757632752b707a4f3453347675416a61362f4e6c747776636a6e6a5930384e6b447267427170616241694b444852583168223b),
('sbudpr32k32mqqoriej9jf2bbib0la0m', '::1', 1704815786, 0x5f5f63695f6c6173745f726567656e65726174657c693a313730343831353738363b7265646972656374696f6e7c4e3b5f5f4143544956455f53455353494f4e5f444154417c733a3235363a2234373034313231626664623133633234356333303763303965386437376362663734373531626634396464313562666130323364653632383365613532663837666335323533316563396661376533626261646231366261613831376362636464343834643636646566303064633065343865643066666539663564643261614f362f454f44557a726264753832457a62637946797973754c426e746c5951634b7447667574514a6f5a75515271755a3832396e6a4c382f725045704e6b32453734636358337a4c63344a43776d35757632752b707a4f3453347675416a61362f4e6c747776636a6e6a5930384e6b447267427170616241694b444852583168223b),
('lm30fnroplt9vnhk505410t8mrfa031u', '::1', 1704816261, 0x5f5f63695f6c6173745f726567656e65726174657c693a313730343831363236313b7265646972656374696f6e7c4e3b5f5f4143544956455f53455353494f4e5f444154417c733a3235363a2234373034313231626664623133633234356333303763303965386437376362663734373531626634396464313562666130323364653632383365613532663837666335323533316563396661376533626261646231366261613831376362636464343834643636646566303064633065343865643066666539663564643261614f362f454f44557a726264753832457a62637946797973754c426e746c5951634b7447667574514a6f5a75515271755a3832396e6a4c382f725045704e6b32453734636358337a4c63344a43776d35757632752b707a4f3453347675416a61362f4e6c747776636a6e6a5930384e6b447267427170616241694b444852583168223b),
('hgg9kh08r01bfreli81bda581eig48gs', '::1', 1704816252, 0x5f5f63695f6c6173745f726567656e65726174657c693a313730343831363130313b7265646972656374696f6e7c733a37323a226148523063446f764c327876593246736147397a644339306232747658325a6863326870623234766157356b5a586775634768774c334e6f623341765932686c593274766458513d223b5f5f4143544956455f53455353494f4e5f444154417c733a3235363a2266343134316432333461616536633939316539336136386436643266656131623262656361663731356363336430663535316266636533646539383635613435366363653364656364366562376462643432643162366262656466663261633164666565346463323562633166393333316636353564383065653536323431302f5241756c5a653849753332724354464c436f3538564c37574668616b33426c6243497544397155317a6830343652466f6255564d4971674a52716b48494e3853654b35542f634a4d774378584f325944475a7254427a67736d507157686c4834644e4b51773458316a4b6b5976573868305678746a79657043444b634e6e4b223b6f726465725f666c6173687c733a32363a224f7264657220626572686173696c20646974616d6261686b616e223b5f5f63695f766172737c613a313a7b733a31313a226f726465725f666c617368223b733a333a226f6c64223b7d),
('pd7p6c6k0gui3d6bsbt84k6fuah6gjf3', '::1', 1704817146, 0x5f5f63695f6c6173745f726567656e65726174657c693a313730343831373134363b7265646972656374696f6e7c4e3b5f5f4143544956455f53455353494f4e5f444154417c733a3235363a2234373034313231626664623133633234356333303763303965386437376362663734373531626634396464313562666130323364653632383365613532663837666335323533316563396661376533626261646231366261613831376362636464343834643636646566303064633065343865643066666539663564643261614f362f454f44557a726264753832457a62637946797973754c426e746c5951634b7447667574514a6f5a75515271755a3832396e6a4c382f725045704e6b32453734636358337a4c63344a43776d35757632752b707a4f3453347675416a61362f4e6c747776636a6e6a5930384e6b447267427170616241694b444852583168223b),
('s52spabbs1vfhidrnn1hc9hgp044ptqm', '::1', 1704817249, 0x5f5f63695f6c6173745f726567656e65726174657c693a313730343831373134363b7265646972656374696f6e7c4e3b5f5f4143544956455f53455353494f4e5f444154417c733a3235363a2234373034313231626664623133633234356333303763303965386437376362663734373531626634396464313562666130323364653632383365613532663837666335323533316563396661376533626261646231366261613831376362636464343834643636646566303064633065343865643066666539663564643261614f362f454f44557a726264753832457a62637946797973754c426e746c5951634b7447667574514a6f5a75515271755a3832396e6a4c382f725045704e6b32453734636358337a4c63344a43776d35757632752b707a4f3453347675416a61362f4e6c747776636a6e6a5930384e6b447267427170616241694b444852583168223b),
('0u19h7bri2b5mo9fvpqeu0df7pqmqs29', '::1', 1704870392, 0x5f5f63695f6c6173745f726567656e65726174657c693a313730343837303339323b7265646972656374696f6e7c4e3b5f5f4143544956455f53455353494f4e5f444154417c733a3235363a223236356161386639666361646632366364306663653864323530353561646631396438316564616133656662396338303830663138353038626635363266633239653630616561376664313465326332653038656564316434356331393635363135616563353833343830366237636639373262613665303462373538643265354f35757a7547754764784e307770353562746c7a352b31304d676d76315a71644461476d432f2f4c514832546145636e694c692f4d577852736138766575432f616767752b6763566666364336445a4366456c314667614765724e704e433253536f6342635857765456574b4a4c4f797378624c42797148756154334d6470223b),
('npashu123m5mb0illjq72humdhseoflr', '::1', 1704870845, 0x5f5f63695f6c6173745f726567656e65726174657c693a313730343837303834353b7265646972656374696f6e7c4e3b5f5f4143544956455f53455353494f4e5f444154417c733a3235363a223236356161386639666361646632366364306663653864323530353561646631396438316564616133656662396338303830663138353038626635363266633239653630616561376664313465326332653038656564316434356331393635363135616563353833343830366237636639373262613665303462373538643265354f35757a7547754764784e307770353562746c7a352b31304d676d76315a71644461476d432f2f4c514832546145636e694c692f4d577852736138766575432f616767752b6763566666364336445a4366456c314667614765724e704e433253536f6342635857765456574b4a4c4f797378624c42797148756154334d6470223b),
('2hg2utt5r7jfl651n1pe7o1ejq3k5bl7', '::1', 1704871150, 0x5f5f63695f6c6173745f726567656e65726174657c693a313730343837313135303b7265646972656374696f6e7c4e3b5f5f4143544956455f53455353494f4e5f444154417c733a3235363a223236356161386639666361646632366364306663653864323530353561646631396438316564616133656662396338303830663138353038626635363266633239653630616561376664313465326332653038656564316434356331393635363135616563353833343830366237636639373262613665303462373538643265354f35757a7547754764784e307770353562746c7a352b31304d676d76315a71644461476d432f2f4c514832546145636e694c692f4d577852736138766575432f616767752b6763566666364336445a4366456c314667614765724e704e433253536f6342635857765456574b4a4c4f797378624c42797148756154334d6470223b),
('tncnr07p3n9lnfn9sbbd6au0r8896dnk', '::1', 1704871163, 0x5f5f63695f6c6173745f726567656e65726174657c693a313730343837313135303b7265646972656374696f6e7c4e3b5f5f4143544956455f53455353494f4e5f444154417c733a3235363a223236356161386639666361646632366364306663653864323530353561646631396438316564616133656662396338303830663138353038626635363266633239653630616561376664313465326332653038656564316434356331393635363135616563353833343830366237636639373262613665303462373538643265354f35757a7547754764784e307770353562746c7a352b31304d676d76315a71644461476d432f2f4c514832546145636e694c692f4d577852736138766575432f616767752b6763566666364336445a4366456c314667614765724e704e433253536f6342635857765456574b4a4c4f797378624c42797148756154334d6470223b),
('8cvqrarq2q6uhgsvbv1l1oov4g62ovrp', '::1', 1704883706, 0x5f5f63695f6c6173745f726567656e65726174657c693a313730343838333730363b7265646972656374696f6e7c4e3b5f5f4143544956455f53455353494f4e5f444154417c733a3235363a2235303330353736303432323263623739313063653236653438303233663939316134343061616665393333343038363333633332316130333336316562353862336630663665373937353662613134646439386364326561313633623136353638656632623530643239383938336137623063366663646132366638376632304f6f64425373323939596b36575552622b4d6f724c516b717267423433457a6e367646525a6856654f2f517961717a644f594e307a594459522f6b63325535373764745155714f38383352765a336e676246546435535647716948794a6c58586f414a627648395a4f34524d7276544a4366627150536e425657785941305148223b),
('0ujnjr29cht1sv0qcnag925m8im24098', '::1', 1704884015, 0x5f5f63695f6c6173745f726567656e65726174657c693a313730343838343031353b7265646972656374696f6e7c4e3b5f5f4143544956455f53455353494f4e5f444154417c733a3235363a2235303330353736303432323263623739313063653236653438303233663939316134343061616665393333343038363333633332316130333336316562353862336630663665373937353662613134646439386364326561313633623136353638656632623530643239383938336137623063366663646132366638376632304f6f64425373323939596b36575552622b4d6f724c516b717267423433457a6e367646525a6856654f2f517961717a644f594e307a594459522f6b63325535373764745155714f38383352765a336e676246546435535647716948794a6c58586f414a627648395a4f34524d7276544a4366627150536e425657785941305148223b),
('0b6q6qiq7lnknai2v4v8dsnlcrs9mkak', '::1', 1704884384, 0x5f5f63695f6c6173745f726567656e65726174657c693a313730343838343338343b7265646972656374696f6e7c4e3b5f5f4143544956455f53455353494f4e5f444154417c733a3235363a2235303330353736303432323263623739313063653236653438303233663939316134343061616665393333343038363333633332316130333336316562353862336630663665373937353662613134646439386364326561313633623136353638656632623530643239383938336137623063366663646132366638376632304f6f64425373323939596b36575552622b4d6f724c516b717267423433457a6e367646525a6856654f2f517961717a644f594e307a594459522f6b63325535373764745155714f38383352765a336e676246546435535647716948794a6c58586f414a627648395a4f34524d7276544a4366627150536e425657785941305148223b),
('bottkon5pd4e80cteq4538054cfrk449', '::1', 1704884807, 0x5f5f63695f6c6173745f726567656e65726174657c693a313730343838343830373b7265646972656374696f6e7c4e3b5f5f4143544956455f53455353494f4e5f444154417c733a3235363a2235303330353736303432323263623739313063653236653438303233663939316134343061616665393333343038363333633332316130333336316562353862336630663665373937353662613134646439386364326561313633623136353638656632623530643239383938336137623063366663646132366638376632304f6f64425373323939596b36575552622b4d6f724c516b717267423433457a6e367646525a6856654f2f517961717a644f594e307a594459522f6b63325535373764745155714f38383352765a336e676246546435535647716948794a6c58586f414a627648395a4f34524d7276544a4366627150536e425657785941305148223b),
('pjojdunlujjdsjnlavnr5voopbvinvc3', '::1', 1704885136, 0x5f5f63695f6c6173745f726567656e65726174657c693a313730343838353133363b7265646972656374696f6e7c4e3b5f5f4143544956455f53455353494f4e5f444154417c733a3235363a2235303330353736303432323263623739313063653236653438303233663939316134343061616665393333343038363333633332316130333336316562353862336630663665373937353662613134646439386364326561313633623136353638656632623530643239383938336137623063366663646132366638376632304f6f64425373323939596b36575552622b4d6f724c516b717267423433457a6e367646525a6856654f2f517961717a644f594e307a594459522f6b63325535373764745155714f38383352765a336e676246546435535647716948794a6c58586f414a627648395a4f34524d7276544a4366627150536e425657785941305148223b),
('71n9uetab573tcq7ei29jocrtesppndc', '::1', 1704891084, 0x5f5f63695f6c6173745f726567656e65726174657c693a313730343839313038343b7265646972656374696f6e7c4e3b5f5f4143544956455f53455353494f4e5f444154417c733a3235363a2235303330353736303432323263623739313063653236653438303233663939316134343061616665393333343038363333633332316130333336316562353862336630663665373937353662613134646439386364326561313633623136353638656632623530643239383938336137623063366663646132366638376632304f6f64425373323939596b36575552622b4d6f724c516b717267423433457a6e367646525a6856654f2f517961717a644f594e307a594459522f6b63325535373764745155714f38383352765a336e676246546435535647716948794a6c58586f414a627648395a4f34524d7276544a4366627150536e425657785941305148223b),
('uq6u363h2311fi1n7jk6kqcrmhlmge19', '::1', 1704891514, 0x5f5f63695f6c6173745f726567656e65726174657c693a313730343839313531343b7265646972656374696f6e7c4e3b5f5f4143544956455f53455353494f4e5f444154417c733a3235363a22653361303934363037623366303432353637396564363632333438353936353762663463616631313430663737393765613439616432303563316666366662393661623234313932373833653437643764323234373432636334623234653432303762633937386338383431373837353963333638626362383338356263353161444a2f556d43766f642f35424e33562f78554d665333427a2b2b6f52667670416a4a517067423230486763705a582b6e4d656b583334416950455073356430703847753355464975596d46637445336838464a7063717339445a6d6c4e303965423535484253477052705867396e44395753442f69475a6775692b74484843223b),
('9soesc4v130ag2cjrgc6v9ikdcqddugp', '::1', 1704892085, 0x5f5f63695f6c6173745f726567656e65726174657c693a313730343839323038353b7265646972656374696f6e7c4e3b5f5f4143544956455f53455353494f4e5f444154417c733a3235363a22653361303934363037623366303432353637396564363632333438353936353762663463616631313430663737393765613439616432303563316666366662393661623234313932373833653437643764323234373432636334623234653432303762633937386338383431373837353963333638626362383338356263353161444a2f556d43766f642f35424e33562f78554d665333427a2b2b6f52667670416a4a517067423230486763705a582b6e4d656b583334416950455073356430703847753355464975596d46637445336838464a7063717339445a6d6c4e303965423535484253477052705867396e44395753442f69475a6775692b74484843223b73657474696e67735f666c6173687c733a33303a2250656e6761747572616e20626572686173696c2064697065726261727569223b5f5f63695f766172737c613a313a7b733a31343a2273657474696e67735f666c617368223b733a333a226f6c64223b7d),
('fbn5t0pgdtoqjg2dq9bo9vmitc36u8k4', '::1', 1704892386, 0x5f5f63695f6c6173745f726567656e65726174657c693a313730343839323338363b7265646972656374696f6e7c4e3b5f5f4143544956455f53455353494f4e5f444154417c733a3235363a22653361303934363037623366303432353637396564363632333438353936353762663463616631313430663737393765613439616432303563316666366662393661623234313932373833653437643764323234373432636334623234653432303762633937386338383431373837353963333638626362383338356263353161444a2f556d43766f642f35424e33562f78554d665333427a2b2b6f52667670416a4a517067423230486763705a582b6e4d656b583334416950455073356430703847753355464975596d46637445336838464a7063717339445a6d6c4e303965423535484253477052705867396e44395753442f69475a6775692b74484843223b),
('rdhpfs56of9bri6e3l8os30jn0hkprd3', '::1', 1704892731, 0x5f5f63695f6c6173745f726567656e65726174657c693a313730343839323733313b7265646972656374696f6e7c4e3b5f5f4143544956455f53455353494f4e5f444154417c733a3235363a22653361303934363037623366303432353637396564363632333438353936353762663463616631313430663737393765613439616432303563316666366662393661623234313932373833653437643764323234373432636334623234653432303762633937386338383431373837353963333638626362383338356263353161444a2f556d43766f642f35424e33562f78554d665333427a2b2b6f52667670416a4a517067423230486763705a582b6e4d656b583334416950455073356430703847753355464975596d46637445336838464a7063717339445a6d6c4e303965423535484253477052705867396e44395753442f69475a6775692b74484843223b),
('6hg57crkfo2q68fn7klbvubpfjo72d7v', '::1', 1704894512, 0x5f5f63695f6c6173745f726567656e65726174657c693a313730343839343531323b7265646972656374696f6e7c4e3b5f5f4143544956455f53455353494f4e5f444154417c733a3235363a22653361303934363037623366303432353637396564363632333438353936353762663463616631313430663737393765613439616432303563316666366662393661623234313932373833653437643764323234373432636334623234653432303762633937386338383431373837353963333638626362383338356263353161444a2f556d43766f642f35424e33562f78554d665333427a2b2b6f52667670416a4a517067423230486763705a582b6e4d656b583334416950455073356430703847753355464975596d46637445336838464a7063717339445a6d6c4e303965423535484253477052705867396e44395753442f69475a6775692b74484843223b),
('1j0cuosm3ct4qu1njr0ce1khs4egjus4', '::1', 1704894882, 0x5f5f63695f6c6173745f726567656e65726174657c693a313730343839343838323b7265646972656374696f6e7c4e3b5f5f4143544956455f53455353494f4e5f444154417c733a3235363a22653361303934363037623366303432353637396564363632333438353936353762663463616631313430663737393765613439616432303563316666366662393661623234313932373833653437643764323234373432636334623234653432303762633937386338383431373837353963333638626362383338356263353161444a2f556d43766f642f35424e33562f78554d665333427a2b2b6f52667670416a4a517067423230486763705a582b6e4d656b583334416950455073356430703847753355464975596d46637445336838464a7063717339445a6d6c4e303965423535484253477052705867396e44395753442f69475a6775692b74484843223b),
('7d9ugp3bl5jnduubcehcrft3odcii835', '::1', 1704895194, 0x5f5f63695f6c6173745f726567656e65726174657c693a313730343839353139343b7265646972656374696f6e7c4e3b5f5f4143544956455f53455353494f4e5f444154417c733a3235363a22653361303934363037623366303432353637396564363632333438353936353762663463616631313430663737393765613439616432303563316666366662393661623234313932373833653437643764323234373432636334623234653432303762633937386338383431373837353963333638626362383338356263353161444a2f556d43766f642f35424e33562f78554d665333427a2b2b6f52667670416a4a517067423230486763705a582b6e4d656b583334416950455073356430703847753355464975596d46637445336838464a7063717339445a6d6c4e303965423535484253477052705867396e44395753442f69475a6775692b74484843223b),
('5el994m4e6p77bi59e45fl3n0feg2478', '::1', 1704895550, 0x5f5f63695f6c6173745f726567656e65726174657c693a313730343839353535303b7265646972656374696f6e7c4e3b5f5f4143544956455f53455353494f4e5f444154417c733a3235363a22653361303934363037623366303432353637396564363632333438353936353762663463616631313430663737393765613439616432303563316666366662393661623234313932373833653437643764323234373432636334623234653432303762633937386338383431373837353963333638626362383338356263353161444a2f556d43766f642f35424e33562f78554d665333427a2b2b6f52667670416a4a517067423230486763705a582b6e4d656b583334416950455073356430703847753355464975596d46637445336838464a7063717339445a6d6c4e303965423535484253477052705867396e44395753442f69475a6775692b74484843223b),
('8b3kutu20i0f1f0hlgsnllg0mj7tcd17', '::1', 1704896468, 0x5f5f63695f6c6173745f726567656e65726174657c693a313730343839363436383b7265646972656374696f6e7c4e3b5f5f4143544956455f53455353494f4e5f444154417c733a3235363a223938653138363330336563386465623937643137333436623437336532633032613737633737373665393437336631656133373066363139663331386338613639616163613732653138616263393834633832666432626337643433346432353733333964623431336331323130343036383362313239396233333738653037333255356f666b6c6a77387a78334e7842756d646d41323030673970787a3078756d37674e3966635a4d7950565a73384b747430666f7355387253364337424c4e62704c6f797950544137335649556e694b38453678463964616749554f476147356d3943544d7a39586d33305465614134586c46573262502b36703356644e223b),
('7nojhscrsgr48e4ccptm604m7841uvnc', '::1', 1704896848, 0x5f5f63695f6c6173745f726567656e65726174657c693a313730343839363834383b7265646972656374696f6e7c4e3b5f5f4143544956455f53455353494f4e5f444154417c733a3235363a223938653138363330336563386465623937643137333436623437336532633032613737633737373665393437336631656133373066363139663331386338613639616163613732653138616263393834633832666432626337643433346432353733333964623431336331323130343036383362313239396233333738653037333255356f666b6c6a77387a78334e7842756d646d41323030673970787a3078756d37674e3966635a4d7950565a73384b747430666f7355387253364337424c4e62704c6f797950544137335649556e694b38453678463964616749554f476147356d3943544d7a39586d33305465614134586c46573262502b36703356644e223b),
('0coqckr7quiorbc97u788nk929mmrm0p', '::1', 1704897949, 0x5f5f63695f6c6173745f726567656e65726174657c693a313730343839373934393b7265646972656374696f6e7c4e3b5f5f4143544956455f53455353494f4e5f444154417c733a3235363a223938653138363330336563386465623937643137333436623437336532633032613737633737373665393437336631656133373066363139663331386338613639616163613732653138616263393834633832666432626337643433346432353733333964623431336331323130343036383362313239396233333738653037333255356f666b6c6a77387a78334e7842756d646d41323030673970787a3078756d37674e3966635a4d7950565a73384b747430666f7355387253364337424c4e62704c6f797950544137335649556e694b38453678463964616749554f476147356d3943544d7a39586d33305465614134586c46573262502b36703356644e223b),
('5bsipg4nc3bq2ou70vtgs9p7fgq4b6nh', '::1', 1704898102, 0x5f5f63695f6c6173745f726567656e65726174657c693a313730343839383130323b7265646972656374696f6e7c4e3b5f5f4143544956455f53455353494f4e5f444154417c733a3235363a2231303563343632636337356462386365633362383261346664313836633766376566393864373866386432386234353738373032376431333238366633336438626231386231636233306331636430643537623162396565333131343563663731633761633464336263386663303666373762363763613235363665636466342b374b775a6738557350746a78366e67434e416e49355337796f74337a7a356d53702f444a58454b33326636774b517944594e74672b6d5539756b7a6872482b7a30494e74564a644e564e3276737130666975766d545633476a7559504c75644e32586b357476485270587a3544303465585666474f6a6e31594754704d5849223b6f726465725f666c6173687c733a32363a224f7264657220626572686173696c20646974616d6261686b616e223b5f5f63695f766172737c613a313a7b733a31313a226f726465725f666c617368223b733a333a226f6c64223b7d),
('0j905h0po9irp3d781c1jmk7v6gk79al', '::1', 1704898258, 0x5f5f63695f6c6173745f726567656e65726174657c693a313730343839383235383b7265646972656374696f6e7c4e3b5f5f4143544956455f53455353494f4e5f444154417c733a3235363a223938653138363330336563386465623937643137333436623437336532633032613737633737373665393437336631656133373066363139663331386338613639616163613732653138616263393834633832666432626337643433346432353733333964623431336331323130343036383362313239396233333738653037333255356f666b6c6a77387a78334e7842756d646d41323030673970787a3078756d37674e3966635a4d7950565a73384b747430666f7355387253364337424c4e62704c6f797950544137335649556e694b38453678463964616749554f476147356d3943544d7a39586d33305465614134586c46573262502b36703356644e223b),
('45fmcuf2imfvm3no8403q20kmmq5buej', '::1', 1704900432, 0x5f5f63695f6c6173745f726567656e65726174657c693a313730343930303433323b7265646972656374696f6e7c4e3b5f5f4143544956455f53455353494f4e5f444154417c733a3235363a2231303563343632636337356462386365633362383261346664313836633766376566393864373866386432386234353738373032376431333238366633336438626231386231636233306331636430643537623162396565333131343563663731633761633464336263386663303666373762363763613235363665636466342b374b775a6738557350746a78366e67434e416e49355337796f74337a7a356d53702f444a58454b33326636774b517944594e74672b6d5539756b7a6872482b7a30494e74564a644e564e3276737130666975766d545633476a7559504c75644e32586b357476485270587a3544303465585666474f6a6e31594754704d5849223b),
('os403lm7rs89pve6lbinmad4knnup3en', '::1', 1704898561, 0x5f5f63695f6c6173745f726567656e65726174657c693a313730343839383536313b7265646972656374696f6e7c4e3b5f5f4143544956455f53455353494f4e5f444154417c733a3235363a223938653138363330336563386465623937643137333436623437336532633032613737633737373665393437336631656133373066363139663331386338613639616163613732653138616263393834633832666432626337643433346432353733333964623431336331323130343036383362313239396233333738653037333255356f666b6c6a77387a78334e7842756d646d41323030673970787a3078756d37674e3966635a4d7950565a73384b747430666f7355387253364337424c4e62704c6f797950544137335649556e694b38453678463964616749554f476147356d3943544d7a39586d33305465614134586c46573262502b36703356644e223b),
('up4nhmc5ttveckki35ek7627d235s3e5', '::1', 1704899051, 0x5f5f63695f6c6173745f726567656e65726174657c693a313730343839393035313b7265646972656374696f6e7c4e3b5f5f4143544956455f53455353494f4e5f444154417c733a3235363a223938653138363330336563386465623937643137333436623437336532633032613737633737373665393437336631656133373066363139663331386338613639616163613732653138616263393834633832666432626337643433346432353733333964623431336331323130343036383362313239396233333738653037333255356f666b6c6a77387a78334e7842756d646d41323030673970787a3078756d37674e3966635a4d7950565a73384b747430666f7355387253364337424c4e62704c6f797950544137335649556e694b38453678463964616749554f476147356d3943544d7a39586d33305465614134586c46573262502b36703356644e223b),
('ngfk8f8ev223ppdjrbma5rt3grci0d3k', '::1', 1704899482, 0x5f5f63695f6c6173745f726567656e65726174657c693a313730343839393438323b7265646972656374696f6e7c4e3b5f5f4143544956455f53455353494f4e5f444154417c733a3235363a223938653138363330336563386465623937643137333436623437336532633032613737633737373665393437336631656133373066363139663331386338613639616163613732653138616263393834633832666432626337643433346432353733333964623431336331323130343036383362313239396233333738653037333255356f666b6c6a77387a78334e7842756d646d41323030673970787a3078756d37674e3966635a4d7950565a73384b747430666f7355387253364337424c4e62704c6f797950544137335649556e694b38453678463964616749554f476147356d3943544d7a39586d33305465614134586c46573262502b36703356644e223b),
('1vhsvlh8egq9rkkqh8ghcoo20coqp83j', '::1', 1704899819, 0x5f5f63695f6c6173745f726567656e65726174657c693a313730343839393831393b7265646972656374696f6e7c4e3b5f5f4143544956455f53455353494f4e5f444154417c733a3235363a2262393031336662346237653630623430366134326633323634303836363232306335626263636636626636363737633839613532633761616236346230313230623139333633343631646261643866356131626539653839353133663630353363353434333665346535326661343738666530313862326637386361326237397a4530744a743161617935636930546547767864577548642f715643376d65456856744c73765574335a4c6e526b3362426477514e59485054575548703268345363523550725477384e34633177322b75632f344864346676643669306272494433687553454f5a7949466e764c67486e667a574f674974635857697636646a223b),
('6onv5bf088ftbv75ln5il1p7bvt2nh7k', '::1', 1704900443, 0x5f5f63695f6c6173745f726567656e65726174657c693a313730343930303434333b7265646972656374696f6e7c4e3b5f5f4143544956455f53455353494f4e5f444154417c733a3235363a226136383536336337633362333564646137663639326262386166663863383030663565656138626165363835303762323837383431363364313533373536323630646132653265393166363437653932326231363030306338386666373463663963393737376632336461646536346339306631353464636137653631386561434c572b474d4350577636546a623776596d325774777946427648594c312b462f534575656237752f4b6c746d55557a314d34417871416943636b2b34384e44673170397a764f672f6634445759753252556753785270706e5a4444416c77744e34367253746e6c6d483978704b71755171686455344251324c6a384b6c722b223b),
('vgfee6gvumd1a6c9mdqs0mggfgdkc5l2', '::1', 1704900470, 0x5f5f63695f6c6173745f726567656e65726174657c693a313730343930303433323b7265646972656374696f6e7c4e3b5f5f4143544956455f53455353494f4e5f444154417c733a3235363a2231303563343632636337356462386365633362383261346664313836633766376566393864373866386432386234353738373032376431333238366633336438626231386231636233306331636430643537623162396565333131343563663731633761633464336263386663303666373762363763613235363665636466342b374b775a6738557350746a78366e67434e416e49355337796f74337a7a356d53702f444a58454b33326636774b517944594e74672b6d5539756b7a6872482b7a30494e74564a644e564e3276737130666975766d545633476a7559504c75644e32586b357476485270587a3544303465585666474f6a6e31594754704d5849223b),
('tds2jhd63r4t49fjtlg2q2t3rset07q9', '::1', 1704900494, 0x5f5f63695f6c6173745f726567656e65726174657c693a313730343930303434333b7265646972656374696f6e7c4e3b5f5f4143544956455f53455353494f4e5f444154417c733a3235363a226136383536336337633362333564646137663639326262386166663863383030663565656138626165363835303762323837383431363364313533373536323630646132653265393166363437653932326231363030306338386666373463663963393737376632336461646536346339306631353464636137653631386561434c572b474d4350577636546a623776596d325774777946427648594c312b462f534575656237752f4b6c746d55557a314d34417871416943636b2b34384e44673170397a764f672f6634445759753252556753785270706e5a4444416c77744e34367253746e6c6d483978704b71755171686455344251324c6a384b6c722b223b);

-- --------------------------------------------------------

--
-- Struktur dari tabel `contacts`
--

CREATE TABLE `contacts` (
  `id` int(10) NOT NULL,
  `parent_id` int(10) DEFAULT NULL,
  `name` varchar(32) NOT NULL,
  `subject` varchar(128) DEFAULT NULL,
  `email` varchar(64) NOT NULL,
  `message` mediumtext NOT NULL,
  `contact_date` datetime DEFAULT NULL,
  `status` tinyint(1) DEFAULT 1,
  `reply_at` datetime DEFAULT NULL
) ENGINE=InnoDB DEFAULT CHARSET=utf8mb4;

--
-- Dumping data untuk tabel `contacts`
--

INSERT INTO `contacts` (`id`, `parent_id`, `name`, `subject`, `email`, `message`, `contact_date`, `status`, `reply_at`) VALUES
(1, NULL, 'Agung Tri Saputra', 'Pengiriman kok lama?', 'martinms.za@gmail.com', 'pengiriman pesanan saya kok lama ya', '2020-03-29 07:40:13', 2, NULL);

-- --------------------------------------------------------

--
-- Struktur dari tabel `coupons`
--

CREATE TABLE `coupons` (
  `id` bigint(20) NOT NULL,
  `name` varchar(191) NOT NULL,
  `code` varchar(32) NOT NULL,
  `credit` decimal(8,2) NOT NULL,
  `start_date` date NOT NULL,
  `expired_date` date NOT NULL,
  `is_active` tinyint(4) DEFAULT 1
) ENGINE=InnoDB DEFAULT CHARSET=utf8mb4;

--
-- Dumping data untuk tabel `coupons`
--

INSERT INTO `coupons` (`id`, `name`, `code`, `credit`, `start_date`, `expired_date`, `is_active`) VALUES
(1, '#DiRumahAja', 'DIRUMAHAJA19', '5000.00', '2020-03-27', '2020-04-03', 1);

-- --------------------------------------------------------

--
-- Struktur dari tabel `customers`
--

CREATE TABLE `customers` (
  `id` bigint(20) NOT NULL,
  `user_id` bigint(20) UNSIGNED DEFAULT NULL,
  `name` varchar(191) NOT NULL,
  `phone_number` varchar(32) DEFAULT NULL,
  `address` varchar(191) NOT NULL,
  `profile_picture` varchar(191) DEFAULT NULL
) ENGINE=InnoDB DEFAULT CHARSET=utf8mb4;

--
-- Dumping data untuk tabel `customers`
--

INSERT INTO `customers` (`id`, `user_id`, `name`, `phone_number`, `address`, `profile_picture`) VALUES
(7, 8, 'Pembeli1', '087741130522', 'Jln. Merdeka Barat- Jakarta Indonesia', NULL),
(8, 10, 'Pembeli2', '087741160520', 'Jln. Merdeka Barat- Jakarta Indonesia', NULL),
(9, 11, 'Pembeli4', '0870000000', 'Jln.Merdeka Barat - Jakarta', NULL),
(10, 13, 'Handoko', '085262311730', 'Sengon Sari', NULL);

-- --------------------------------------------------------

--
-- Struktur dari tabel `orders`
--

CREATE TABLE `orders` (
  `id` bigint(20) NOT NULL,
  `user_id` bigint(20) UNSIGNED DEFAULT NULL,
  `coupon_id` bigint(20) DEFAULT NULL,
  `order_number` varchar(16) NOT NULL,
  `order_status` enum('1','2','3','4','5') DEFAULT '1',
  `order_date` datetime NOT NULL,
  `total_price` decimal(8,2) DEFAULT NULL,
  `total_items` int(10) DEFAULT NULL,
  `payment_method` int(11) DEFAULT 1,
  `delivery_data` text DEFAULT NULL,
  `delivered_date` datetime DEFAULT NULL,
  `finish_date` datetime DEFAULT NULL
) ENGINE=InnoDB DEFAULT CHARSET=utf8mb4;

--
-- Dumping data untuk tabel `orders`
--

INSERT INTO `orders` (`id`, `user_id`, `coupon_id`, `order_number`, `order_status`, `order_date`, `total_price`, `total_items`, `payment_method`, `delivery_data`, `delivered_date`, `finish_date`) VALUES
(12, 8, NULL, 'IUK26102018329', '2', '2020-10-26 07:09:37', '18000.00', 1, 1, '{\"customer\":{\"name\":\"Pembeli1\",\"phone_number\":\"087741130522\",\"address\":\"Jln. Merdeka Barat- Jakarta Indonesia\"},\"note\":\"\\u30a2\\u30ea\\u30d5\\u3055\\u3093\\r\\n\\r\\n28\\u65e5\\u3067\\u3057\\u305f\\u3089\\u30a4\\u30f3\\u30c9\\u30cd\\u30b7\\u30a2\\u6642\\u9593\\u306713\\u6642\\uff5e14\\u6642\\u306a\\u3089\\r\\n\\u30df\\u30fc\\u30c6\\u30a3\\u30f3\\u30b0\\u3067\\u304d\\u307e\\u3059\\u3002\\r\\n28\\u65e5\\u306b\\u30b7\\u30e3\\u30ea\\u3055\\u3093\\u30fb\\u30b5\\u30d2\\u30c9\\u3055\\u3093\\u306f\\u5927\\u4e08\\u592b\\u3067\\u3059\\u304b\\uff1f\\r\\n\\r\\n\\u576a\\u4e95\\r\\n\"}', NULL, NULL),
(13, 10, NULL, 'PNL261020110401', '2', '2020-10-26 07:16:25', '30000.00', 1, 1, '{\"customer\":{\"name\":\"Pembeli2\",\"phone_number\":\"087741160520\",\"address\":\"Jln. Merdeka Barat- Jakarta Indonesia\"},\"note\":\"Segera Dikrim Ya Admin\"}', NULL, NULL),
(14, 11, NULL, 'ASV261020111546', '3', '2020-10-26 08:37:53', '60000.00', 1, 1, '{\"customer\":{\"name\":\"Pembeli4\",\"phone_number\":\"0870000000\",\"address\":\"Jln.Merdeka Barat - Jakarta\"},\"note\":\"Tolong Dikirim Sesuai Pesanan ya Ka..\"}', NULL, NULL),
(15, 13, NULL, 'HHW9124213756', '4', '2024-01-09 17:04:12', '33000.00', 2, 1, '{\"customer\":{\"name\":\"Handoko\",\"phone_number\":\"085262311730\",\"address\":\"Sengon Sari\"},\"note\":\"\"}', NULL, NULL),
(16, 13, NULL, 'NFD10124313120', '4', '2024-01-10 15:45:39', '43000.00', 3, 1, '{\"customer\":{\"name\":\"Handoko\",\"phone_number\":\"085262311730\",\"address\":\"Sengon Sari\"},\"note\":\"\"}', NULL, NULL);

-- --------------------------------------------------------

--
-- Struktur dari tabel `order_item`
--

CREATE TABLE `order_item` (
  `id` bigint(20) NOT NULL,
  `order_id` bigint(20) DEFAULT NULL,
  `product_id` bigint(20) DEFAULT NULL,
  `order_qty` int(10) NOT NULL,
  `order_price` decimal(8,2) DEFAULT NULL
) ENGINE=InnoDB DEFAULT CHARSET=utf8mb4;

--
-- Dumping data untuk tabel `order_item`
--

INSERT INTO `order_item` (`id`, `order_id`, `product_id`, `order_qty`, `order_price`) VALUES
(3, 4, 2, 1, '31000.00'),
(4, 4, 8, 13, '20000.00'),
(5, 5, 2, 1, '31000.00'),
(6, 5, 13, 12, '20000.00'),
(7, 6, 9, 10, '35000.00'),
(8, 7, 10, 1, '12000.00'),
(9, 7, 9, 1, '35000.00'),
(10, 7, 2, 1, '31000.00'),
(11, 8, 9, 1, '35000.00'),
(12, 8, 1, 5, '65000.00'),
(14, 12, 2, 1, '13000.00'),
(15, 13, 5, 3, '10000.00'),
(16, 14, 1, 3, '20000.00'),
(17, 15, 1, 1, '20000.00'),
(18, 15, 2, 1, '13000.00'),
(19, 16, 1, 1, '20000.00'),
(20, 16, 2, 1, '13000.00'),
(21, 16, 9, 1, '10000.00');

-- --------------------------------------------------------

--
-- Struktur dari tabel `payments`
--

CREATE TABLE `payments` (
  `id` bigint(20) NOT NULL,
  `order_id` bigint(20) DEFAULT NULL,
  `payment_price` decimal(8,2) DEFAULT NULL,
  `payment_date` datetime NOT NULL,
  `picture_name` varchar(191) DEFAULT NULL,
  `payment_status` enum('1','2','3') DEFAULT '1',
  `confirmed_date` datetime DEFAULT NULL,
  `payment_data` text DEFAULT NULL
) ENGINE=InnoDB DEFAULT CHARSET=utf8mb4;

--
-- Dumping data untuk tabel `payments`
--

INSERT INTO `payments` (`id`, `order_id`, `payment_price`, `payment_date`, `picture_name`, `payment_status`, `confirmed_date`, `payment_data`) VALUES
(6, 12, '40000.00', '2020-10-26 07:13:04', 'Tak_berjudul31_20201026111339.jpg', '1', NULL, '{\"transfer_to\":\"mandiri\",\"source\":{\"bank\":\"Mandiri\",\"name\":\"Pembeli1\",\"number\":\"0987654321\"}}'),
(7, 13, '30000.00', '2020-10-26 07:16:59', 'Tak_berjudul31_20201026111236.jpg', '1', NULL, '{\"transfer_to\":\"bca\",\"source\":{\"bank\":\"BCA\",\"name\":\"Pembeli2\",\"number\":\"1122334455\"}}'),
(8, 14, '60000.00', '2020-10-26 08:38:26', 'Bukti_Transfer.jpg', '2', NULL, '{\"transfer_to\":\"mandiri\",\"source\":{\"bank\":\"Mandiri\",\"name\":\"Pembeli4\",\"number\":\"123456789\"}}');

-- --------------------------------------------------------

--
-- Struktur dari tabel `products`
--

CREATE TABLE `products` (
  `id` bigint(20) NOT NULL,
  `category_id` int(10) DEFAULT NULL,
  `sku` varchar(32) DEFAULT NULL,
  `name` varchar(191) NOT NULL,
  `description` varchar(191) DEFAULT NULL,
  `picture_name` varchar(191) DEFAULT NULL,
  `price` decimal(8,2) NOT NULL,
  `current_discount` decimal(8,2) DEFAULT 0.00,
  `stock` int(10) NOT NULL,
  `product_unit` varchar(32) DEFAULT NULL,
  `is_available` tinyint(1) DEFAULT 1,
  `add_date` datetime DEFAULT NULL
) ENGINE=InnoDB DEFAULT CHARSET=utf8mb4;

--
-- Dumping data untuk tabel `products`
--

INSERT INTO `products` (`id`, `category_id`, `sku`, `name`, `description`, `picture_name`, `price`, `current_discount`, `stock`, `product_unit`, `is_available`, `add_date`) VALUES
(1, 2, 'SB750372', 'Baju Gamis Tren Pakistan', NULL, 'DSC_2829.JPG', '70000.00', '50000.00', 50, 'Kg', 1, '2020-03-26 15:02:52'),
(2, 2, 'BS350420', 'Topi Hoodie', NULL, 'Tak_berjudul31_20201026111306_001.jpg', '33000.00', '20000.00', 10, 'Kg', 1, '2020-03-26 15:03:40'),
(4, 2, 'TS120790', 'Hoodie Man', NULL, 'Tak_berjudul31_202010261115331.jpg', '60000.00', '35000.00', 100, 'Kg', 1, '2020-03-26 19:36:30'),
(5, 2, 'WS120811', 'Manset', NULL, 'Tak_berjudul31_202010261112361.jpg', '35000.00', '25000.00', 20, 'Kg', 1, '2020-03-26 19:36:51'),
(8, 2, 'PS220885', 'Kaos Kaki', NULL, 'Tak_berjudul31_202010261114041.jpg', '20000.00', '15000.00', 50, 'Kg', 1, '2020-03-26 19:38:05'),
(9, 2, 'AB450163', 'Sandal', NULL, 'Tak_berjudul31_202010261115001.jpg', '40000.00', '30000.00', 50, 'Kg', 1, '2020-03-26 19:42:43');

-- --------------------------------------------------------

--
-- Struktur dari tabel `product_category`
--

CREATE TABLE `product_category` (
  `id` int(10) NOT NULL,
  `name` varchar(191) NOT NULL
) ENGINE=InnoDB DEFAULT CHARSET=utf8mb4;

--
-- Dumping data untuk tabel `product_category`
--

INSERT INTO `product_category` (`id`, `name`) VALUES
(2, 'Baju'),
(9, 'Sepatu');

-- --------------------------------------------------------

--
-- Struktur dari tabel `reviews`
--

CREATE TABLE `reviews` (
  `id` bigint(20) NOT NULL,
  `user_id` bigint(20) UNSIGNED DEFAULT NULL,
  `order_id` bigint(20) DEFAULT NULL,
  `title` varchar(191) DEFAULT NULL,
  `review_text` mediumtext NOT NULL,
  `review_date` datetime NOT NULL,
  `status` tinyint(1) NOT NULL DEFAULT 1
) ENGINE=InnoDB DEFAULT CHARSET=utf8mb4;

--
-- Dumping data untuk tabel `reviews`
--

INSERT INTO `reviews` (`id`, `user_id`, `order_id`, `title`, `review_text`, `review_date`, `status`) VALUES
(2, 7, 6, 'Sangat puas', 'Pengiriman cepat dan sayur segar', '2020-03-30 08:31:31', 1),
(3, 7, 5, 'Buah segar', 'Buah segar dan kualitasnya sangat bagus', '2020-03-30 08:33:10', 1),
(4, 8, 12, 'Toko Buah Segar', 'Sangat Puas Dengan Pelaynan dan Produknya Segar Semua', '2020-10-26 07:13:38', 1),
(5, 10, 13, 'Toko Buah Segar', 'Pesanan Dikrim Tepat Waktu dan Kualitas Segar Segar', '2020-10-26 07:17:35', 1),
(6, 11, 14, 'Toko Buah Segar', 'Sangat Puas Dengan Pelayanan Adminnya', '2020-10-26 08:38:48', 1);

-- --------------------------------------------------------

--
-- Struktur dari tabel `roles`
--

CREATE TABLE `roles` (
  `id` int(10) NOT NULL,
  `role_name` varchar(191) NOT NULL
) ENGINE=InnoDB DEFAULT CHARSET=utf8mb4;

--
-- Dumping data untuk tabel `roles`
--

INSERT INTO `roles` (`id`, `role_name`) VALUES
(1, 'Admin'),
(2, 'Customer');

-- --------------------------------------------------------

--
-- Struktur dari tabel `settings`
--

CREATE TABLE `settings` (
  `id` int(10) NOT NULL,
  `key` varchar(32) NOT NULL,
  `content` varchar(191) NOT NULL
) ENGINE=InnoDB DEFAULT CHARSET=utf8mb4;

--
-- Dumping data untuk tabel `settings`
--

INSERT INTO `settings` (`id`, `key`, `content`) VALUES
(1, 'current_theme_name', 'fashion'),
(2, 'store_name', 'Fashion Gallery'),
(3, 'store_phone_number', '02100110003'),
(4, 'store_email', 'fashiongallery@gmail.com'),
(5, 'store_tagline', 'Belanja Fashion 24 Jam'),
(6, 'store_logo', 'logo.png'),
(7, 'max_product_image_size', '20000'),
(8, 'store_description', 'Belanja fashion dengan murah, mudah dan cepat'),
(9, 'store_address', 'Jl. Merdeka Barat Km.01 - Jakarta Indonesia'),
(10, 'min_shop_to_free_shipping_cost', '20000'),
(11, 'shipping_cost', '5000'),
(12, 'payment_banks', '{\"mandiri\":{\"bank\":\"Mandiri\",\"number\":\"1234567890\",\"name\":\"Toko Buah Segar\"},\"bca\":{\"bank\":\"BCA\",\"number\":\"0987654321\",\"name\":\"Toko Buah Segar\"}}');

-- --------------------------------------------------------

--
-- Struktur dari tabel `users`
--

CREATE TABLE `users` (
  `id` bigint(20) UNSIGNED NOT NULL,
  `name` varchar(50) COLLATE utf8mb4_unicode_ci DEFAULT NULL,
  `email` varchar(191) COLLATE utf8mb4_unicode_ci NOT NULL,
  `email_verified_at` timestamp NULL DEFAULT NULL,
  `username` varchar(16) COLLATE utf8mb4_unicode_ci NOT NULL,
  `password` varchar(191) COLLATE utf8mb4_unicode_ci NOT NULL,
  `profile_picture` varchar(128) COLLATE utf8mb4_unicode_ci DEFAULT NULL,
  `role_id` int(10) DEFAULT 0,
  `register_date` datetime DEFAULT NULL
) ENGINE=InnoDB DEFAULT CHARSET=utf8mb4 COLLATE=utf8mb4_unicode_ci;

--
-- Dumping data untuk tabel `users`
--

INSERT INTO `users` (`id`, `name`, `email`, `email_verified_at`, `username`, `password`, `profile_picture`, `role_id`, `register_date`) VALUES
(7, 'Admin Toko Fashion', 'admintokofashion@gmail.com', NULL, 'admin', '$2y$10$8g/ydMjIkk4RDX06gUPQS.RCo/lAQujaz4kFvnq1J.0i.8nK9OYAS', '0919f092a8487492631bc84b592a4b0a_icon-wajah1.png', 1, '2020-03-29 08:14:30'),
(8, NULL, 'pembeli@gmail.com', NULL, 'user1', '$2y$10$chkZ5TH8JoBetrJYsujw9eHTSgnp1iLG492o99duNcoYGIVGYP8Lu', NULL, 2, '2020-10-26 06:58:43'),
(10, NULL, 'pembeli2@gmail.com', NULL, 'user2', '$2y$10$BxWbJrsGG.grhKvrNQ6XvOU5lTPARmLOo58Rwuws1kFlze3r4YR1.', NULL, 2, '2020-10-26 07:15:59'),
(11, NULL, 'pembeli4@gmail.com', NULL, 'user4', '$2y$10$P25c7AP7HzotHYvRCvi8XukFH/wKW/IR0uBbOM9pPBKAif8WrR.Iu', NULL, 2, '2020-10-26 08:37:06'),
(12, 'Pemilik Toko Fashion', 'pemiliktokofashion@gmail.com', NULL, 'pemilik', '$2y$10$rkH667InoAOwWs1XISrDN.qV7EBlRWMHNO0uvLbD4O9emwSAMGFvS', '0919f092a8487492631bc84b592a4b0a_icon-wajah1.png', 3, '2020-03-29 08:14:30'),
(13, NULL, 'root.kurniawan.e@gmail.com', NULL, 'handoko', '$2y$10$tjvmqqGBY719OGch0wxsY.yC5SaDYmSh0ERgEuu24EUOgmiEH9O6e', NULL, 2, '2024-01-09 17:03:30');

--
-- Indexes for dumped tables
--

--
-- Indeks untuk tabel `ci_sessions`
--
ALTER TABLE `ci_sessions`
  ADD KEY `ci_sessions_timestamp` (`timestamp`);

--
-- Indeks untuk tabel `contacts`
--
ALTER TABLE `contacts`
  ADD PRIMARY KEY (`id`),
  ADD KEY `FK_contacts_contacts` (`parent_id`);

--
-- Indeks untuk tabel `coupons`
--
ALTER TABLE `coupons`
  ADD PRIMARY KEY (`id`);

--
-- Indeks untuk tabel `customers`
--
ALTER TABLE `customers`
  ADD PRIMARY KEY (`id`),
  ADD KEY `FK_customers_users` (`user_id`);

--
-- Indeks untuk tabel `orders`
--
ALTER TABLE `orders`
  ADD PRIMARY KEY (`id`),
  ADD KEY `FK_orders_users` (`user_id`),
  ADD KEY `FK_orders_coupons` (`coupon_id`);

--
-- Indeks untuk tabel `order_item`
--
ALTER TABLE `order_item`
  ADD PRIMARY KEY (`id`),
  ADD KEY `order_id` (`order_id`),
  ADD KEY `product_id` (`product_id`);

--
-- Indeks untuk tabel `payments`
--
ALTER TABLE `payments`
  ADD PRIMARY KEY (`id`),
  ADD KEY `order_id` (`order_id`);

--
-- Indeks untuk tabel `products`
--
ALTER TABLE `products`
  ADD PRIMARY KEY (`id`),
  ADD KEY `FK_products_product_category` (`category_id`);

--
-- Indeks untuk tabel `product_category`
--
ALTER TABLE `product_category`
  ADD PRIMARY KEY (`id`);

--
-- Indeks untuk tabel `reviews`
--
ALTER TABLE `reviews`
  ADD PRIMARY KEY (`id`),
  ADD KEY `FK_reviews_users` (`user_id`),
  ADD KEY `FK_reviews_orders` (`order_id`);

--
-- Indeks untuk tabel `roles`
--
ALTER TABLE `roles`
  ADD PRIMARY KEY (`id`);

--
-- Indeks untuk tabel `settings`
--
ALTER TABLE `settings`
  ADD PRIMARY KEY (`id`) USING BTREE;

--
-- Indeks untuk tabel `users`
--
ALTER TABLE `users`
  ADD PRIMARY KEY (`id`) USING BTREE,
  ADD UNIQUE KEY `users_email_unique` (`email`) USING BTREE,
  ADD KEY `role_id` (`role_id`);

--
-- AUTO_INCREMENT untuk tabel yang dibuang
--

--
-- AUTO_INCREMENT untuk tabel `contacts`
--
ALTER TABLE `contacts`
  MODIFY `id` int(10) NOT NULL AUTO_INCREMENT, AUTO_INCREMENT=3;

--
-- AUTO_INCREMENT untuk tabel `coupons`
--
ALTER TABLE `coupons`
  MODIFY `id` bigint(20) NOT NULL AUTO_INCREMENT, AUTO_INCREMENT=4;

--
-- AUTO_INCREMENT untuk tabel `customers`
--
ALTER TABLE `customers`
  MODIFY `id` bigint(20) NOT NULL AUTO_INCREMENT, AUTO_INCREMENT=11;

--
-- AUTO_INCREMENT untuk tabel `orders`
--
ALTER TABLE `orders`
  MODIFY `id` bigint(20) NOT NULL AUTO_INCREMENT, AUTO_INCREMENT=17;

--
-- AUTO_INCREMENT untuk tabel `order_item`
--
ALTER TABLE `order_item`
  MODIFY `id` bigint(20) NOT NULL AUTO_INCREMENT, AUTO_INCREMENT=22;

--
-- AUTO_INCREMENT untuk tabel `payments`
--
ALTER TABLE `payments`
  MODIFY `id` bigint(20) NOT NULL AUTO_INCREMENT, AUTO_INCREMENT=9;

--
-- AUTO_INCREMENT untuk tabel `products`
--
ALTER TABLE `products`
  MODIFY `id` bigint(20) NOT NULL AUTO_INCREMENT, AUTO_INCREMENT=15;

--
-- AUTO_INCREMENT untuk tabel `product_category`
--
ALTER TABLE `product_category`
  MODIFY `id` int(10) NOT NULL AUTO_INCREMENT, AUTO_INCREMENT=10;

--
-- AUTO_INCREMENT untuk tabel `reviews`
--
ALTER TABLE `reviews`
  MODIFY `id` bigint(20) NOT NULL AUTO_INCREMENT, AUTO_INCREMENT=7;

--
-- AUTO_INCREMENT untuk tabel `roles`
--
ALTER TABLE `roles`
  MODIFY `id` int(10) NOT NULL AUTO_INCREMENT, AUTO_INCREMENT=3;

--
-- AUTO_INCREMENT untuk tabel `settings`
--
ALTER TABLE `settings`
  MODIFY `id` int(10) NOT NULL AUTO_INCREMENT, AUTO_INCREMENT=13;

--
-- AUTO_INCREMENT untuk tabel `users`
--
ALTER TABLE `users`
  MODIFY `id` bigint(20) UNSIGNED NOT NULL AUTO_INCREMENT, AUTO_INCREMENT=14;

--
-- Ketidakleluasaan untuk tabel pelimpahan (Dumped Tables)
--

--
-- Ketidakleluasaan untuk tabel `contacts`
--
ALTER TABLE `contacts`
  ADD CONSTRAINT `FK_contacts_contacts` FOREIGN KEY (`parent_id`) REFERENCES `contacts` (`id`) ON DELETE CASCADE ON UPDATE NO ACTION;

--
-- Ketidakleluasaan untuk tabel `customers`
--
ALTER TABLE `customers`
  ADD CONSTRAINT `FK_customers_users` FOREIGN KEY (`user_id`) REFERENCES `users` (`id`) ON DELETE NO ACTION ON UPDATE CASCADE;

--
-- Ketidakleluasaan untuk tabel `orders`
--
ALTER TABLE `orders`
  ADD CONSTRAINT `FK_orders_coupons` FOREIGN KEY (`coupon_id`) REFERENCES `coupons` (`id`) ON DELETE SET NULL ON UPDATE CASCADE,
  ADD CONSTRAINT `FK_orders_users` FOREIGN KEY (`user_id`) REFERENCES `users` (`id`) ON DELETE NO ACTION ON UPDATE CASCADE;

--
-- Ketidakleluasaan untuk tabel `payments`
--
ALTER TABLE `payments`
  ADD CONSTRAINT `FK_payments_orders` FOREIGN KEY (`order_id`) REFERENCES `orders` (`id`) ON DELETE NO ACTION ON UPDATE NO ACTION;
COMMIT;

/*!40101 SET CHARACTER_SET_CLIENT=@OLD_CHARACTER_SET_CLIENT */;
/*!40101 SET CHARACTER_SET_RESULTS=@OLD_CHARACTER_SET_RESULTS */;
/*!40101 SET COLLATION_CONNECTION=@OLD_COLLATION_CONNECTION */;
